Year,Annual Total 
2005,384.9636358
2006,346.7977989
2007,358.3350444
2008,330.0860792
2009,253.6448746
2010,244.0333286
2011,234.5
